{"is_full_debug": false, "is_clang": true, "is_cfi": false, "v8_target_cpu": "x64", "target_cpu": "x64", "is_ubsan_vptr": false, "is_gcov_coverage": false, "dcheck_always_on": false, "is_component_build": true, "is_asan": false, "is_android": false, "is_debug": true, "v8_enable_i18n_support": true, "v8_current_cpu": "x64", "v8_enable_pointer_compression": true, "v8_enable_verify_csa": false, "v8_enable_lite_mode": false, "is_msan": false, "is_tsan": false, "current_cpu": "x64", "v8_enable_verify_predictable": false}